project,method,tasks,completed,valid_tests,generated_test_cases,valid_test_cases,fault_detecting_runs,unique_bugs,bugs_detected,valid_rate,bug_detection_rate,avg_test_cases,avg_instruction_coverage,avg_branch_coverage,avg_line_coverage,avg_instruction_coverage_per_test,avg_branch_coverage_per_test,avg_line_coverage_per_test,avg_generation_time_sec,avg_evaluation_time_sec,avg_duration_sec,avg_generation_time_per_test,avg_evaluation_time_per_test,avg_duration_per_test
Chart,avm,26,24,23,275,260,2,26,2,0.9583333333333334,0.07692307692307693,11.458333333333334,0.22369578004523677,0.07047657589885105,0.2369346839743637,0.03328457888179489,0.005572578634404651,0.03492066990254449,31.28874116108314,3.360880134250048,34.64966180870829,2.461571059175849,0.44581796565712284,2.9073943619838043
Chart,gemini,26,26,12,112,53,0,26,0,0.46153846153846156,0.0,4.3076923076923075,0.2707052117358251,0.06134032002812137,0.27994363756217294,0.12779300313147876,0.012268064005624274,0.13060993963364673,2.5368441238461648,2.197331005115232,4.734221548269104,0.6897206174224166,0.6174819959211011,1.3072155380236983
Chart,gpt,26,26,26,94,94,1,26,1,1.0,0.038461538461538464,3.6153846153846154,0.17199505778710591,0.030482516606666763,0.1766933307428061,0.0752405152715307,0.006794289464092008,0.07788042747006095,19.433094940384553,3.233137473730774,22.666272775461774,6.3810690437455,1.2213289937423233,7.602412928730873
Chart,hill_climbing,26,24,23,275,260,2,26,2,0.9583333333333334,0.07692307692307693,11.458333333333334,0.22369578004523677,0.07028962832589697,0.2369346839743637,0.03328457888179489,0.005560115462874379,0.03492066990254449,41.79668953425005,3.294968304166597,45.09169845620848,3.313563527119229,0.4334712448471631,3.7470403069627616
Cli,avm,39,18,18,243,243,1,39,1,1.0,0.02564102564102564,13.5,0.19896954694191282,0.09080960425024016,0.22282628739666077,0.017365261422087344,0.008789129913497222,0.018916543872983894,21.066861902000003,2.7958537872222626,23.862755109388974,1.5184110001341764,0.22665003718174973,1.7450642509463505
Cli,gemini,39,39,17,137,56,0,39,0,0.4358974358974359,0.0,3.5128205128205128,0.20806859340684375,0.09636402682691374,0.230707775051791,0.08437920326295965,0.040318202643834636,0.09457612465563059,2.3708370308975133,1.565896778256688,3.9367712945640494,0.9898008626842543,0.7334490366184171,1.7232666690794487
Cli,gpt,39,37,28,92,82,3,39,3,0.7567567567567568,0.07692307692307693,2.27027027027027,0.19802282350614184,0.12510143419741634,0.21437830261158558,0.07700741107066886,0.04381437855024164,0.08457714525037088,18.864609606783866,2.4004555334593873,21.265102355351296,9.518250369427,1.3740055479558009,10.892275617908625
Cli,hill_climbing,39,18,18,243,243,1,39,1,1.0,0.02564102564102564,13.5,0.19896954694191282,0.09080960425024016,0.22282628739666077,0.017365261422087344,0.008789129913497222,0.018916543872983894,27.46973334138895,2.8009644993892127,30.270737581110854,1.9438075253483156,0.22729387155344893,2.1711046663822753
Closure,avm,174,12,12,152,152,0,174,0,1.0,0.0,12.666666666666666,0.184781226037433,0.07202507818591002,0.20205960872729567,0.015532664812146747,0.005844554515349897,0.017369761796613228,41.458760256999994,3.7140260473332396,45.172829393583164,3.15312831681811,0.3186974001817364,3.471829404177361
Closure,gemini,174,174,19,323,36,0,174,0,0.10919540229885058,0.0,1.8563218390804597,0.0813028463402777,0.02090033211889488,0.08570605461743445,0.04115781876448242,0.012236181493519523,0.04394560071748068,2.1939843291551155,1.3984289374769932,3.592454842138,1.6766712345948358,1.0716167937596461,2.7483214611828686
Closure,gpt,174,174,44,160,62,2,174,2,0.25287356321839083,0.011494252873563218,0.9195402298850575,0.10951000368164311,0.043872277439244975,0.10366891658535735,0.07692576064298408,0.032614767252572036,0.07334102140349748,21.55775466719542,2.583933705224164,24.141725779931033,27.183424003895187,2.236507631762857,29.41996324822597
Closure,hill_climbing,174,12,12,152,152,0,174,0,1.0,0.0,12.666666666666666,0.18501151949709874,0.07202507818591002,0.202488425193848,0.015548017709457797,0.005844554515349897,0.017398349561050047,44.597809096500136,3.862216777916425,48.46007055708333,3.408545529973819,0.3279920936793482,3.7365414255568656
Codec,avm,18,16,15,158,144,1,18,1,0.9375,0.05555555555555555,9.875,0.5797630460614952,0.31120868217221437,0.46339971599169877,0.08635994605351477,0.04877644518649703,0.07016561211465552,18.45654136562507,2.75734791306229,21.213933228437554,1.6610341735587375,0.3951137769715284,2.056154894866169
Codec,gemini,18,18,13,65,49,0,18,0,0.7222222222222222,0.0,3.611111111111111,0.5743136015199491,0.30311589581516174,0.46621397642808327,0.18970668999256202,0.09410187272189469,0.1379933845755978,2.2215900187222055,2.3061669945555727,4.52779504172223,0.7550422650796252,0.770285878235184,1.525341035858337
Codec,gpt,18,18,16,59,51,0,18,0,0.8888888888888888,0.0,3.2777777777777777,0.5552988845381538,0.35016994664486134,0.45819541123394614,0.20255894756031637,0.11974365161708919,0.15975099644617147,12.85174857449998,2.4535303701666686,15.30531239899999,4.386205959647212,1.0477448425250029,5.433964779746287
Codec,hill_climbing,18,16,15,158,144,1,18,1,0.9375,0.05555555555555555,9.875,0.5879415769747539,0.32016767725790224,0.4717330493250321,0.08693851968814521,0.0497494505680621,0.07072116767021108,20.403130170437635,2.763938242562631,23.16710829631245,1.9919558902174306,0.3979994266040509,2.3899609456651225
Collections,avm,28,23,23,279,279,1,28,1,1.0,0.03571428571428571,12.130434782608695,0.2043594606929738,0.12612852342864245,0.2363255735238619,0.03703615521168304,0.011618884482370678,0.04452370755656165,22.942774906782805,3.188549297739329,26.131367600695818,1.6910882343771665,0.4926598115328203,2.1837550952673834
Collections,gemini,28,28,21,133,95,1,28,1,0.75,0.03571428571428571,4.75,0.2657229326435171,0.1771666519436905,0.27174822781441516,0.09005850594262284,0.06465767747022803,0.08765347136670884,2.3801315136071417,2.507819277464299,4.887987016464292,0.576619631826791,0.6906218004642838,1.2672509679505932
Collections,gpt,28,28,24,118,98,0,28,0,0.8571428571428571,0.0,4.214285714285714,0.2539307983406259,0.1634467298723559,0.2709156573038826,0.07290517616934783,0.036571034582481725,0.07998036590322331,17.791560374571425,2.9388708354642574,20.730462893464257,4.374734133232737,0.9255105388196336,5.300254088974401
Collections,hill_climbing,28,23,23,279,279,1,28,1,1.0,0.03571428571428571,12.130434782608695,0.2043594606929738,0.12612852342864245,0.2363255735238619,0.03703615521168304,0.011618884482370678,0.04452370755656165,27.263360332783044,3.1937877473036402,30.45718891395692,2.050673917895361,0.5205983532953053,2.5712785522188097
Compress,avm,47,27,27,330,330,2,47,2,1.0,0.0425531914893617,12.222222222222221,0.21783802454082524,0.14313497539760967,0.2617040740898071,0.018930763268152302,0.012540945810525585,0.023137088862624857,15.747505086259277,2.1490394567777846,17.8966553070002,1.2106383048157283,0.2044619154971786,1.415110551183535
Compress,gemini,47,46,28,221,128,0,47,0,0.6086956521739131,0.0,4.782608695652174,0.2171912043368636,0.14650729232849183,0.247508505440941,0.05009736243524945,0.032756421328954455,0.059514252237421274,2.393409015260896,1.555499441608568,3.9490107886738612,0.5767888210515417,0.4021687943122306,0.9789848102469986
Compress,gpt,47,46,40,125,114,5,47,5,0.8695652173913043,0.10638297872340426,2.6956521739130435,0.29791357495348275,0.22965832958172974,0.32515441473235757,0.13517034810213738,0.11115914724315563,0.14519144310735527,24.514733348478213,2.022956025369635,26.537797830521846,12.0457572851996,1.1244292572356926,13.17024451458381
Compress,hill_climbing,47,27,27,330,330,2,47,2,1.0,0.0425531914893617,12.222222222222221,0.2184525192799685,0.14548076361982337,0.2623738177484183,0.019034697277467653,0.01278071746346732,0.023246371714019744,20.11668729022225,2.152097910000049,22.26888131729599,1.5471519845031492,0.20483676270123496,1.7519979390509772
Csv,avm,16,9,9,81,81,1,16,1,1.0,0.0625,9.0,0.3537682073247217,0.17974258913594798,0.3514616802683233,0.03923465126416471,0.01973922444166114,0.038621706847013576,5.032654515888781,2.115215994666667,7.147976552111383,0.5643946264239751,0.23857550871464087,0.802982048687863
Csv,gemini,16,16,9,73,45,0,16,0,0.5625,0.0,4.5625,0.3608024128023651,0.24989655307208392,0.37794638345992815,0.07216048256047304,0.04997931061441679,0.07558927669198562,2.3445078090000493,1.4409754526876668,3.7855844662500715,0.6682139212624519,0.31846877853746497,0.9867092996125565
Csv,gpt,16,16,11,69,49,1,16,1,0.6875,0.0625,4.3125,0.44650616546736016,0.35451627236109995,0.4511036620427371,0.10820579528149941,0.08347861015102395,0.10883252602034102,29.12649369618788,1.7598268855625747,30.88642459587504,7.226433450666731,0.44683935827333093,7.673298661933319
Csv,hill_climbing,16,9,9,81,81,1,16,1,1.0,0.0625,9.0,0.3537682073247217,0.17974258913594798,0.3514616802683233,0.03923465126416471,0.01973922444166114,0.038621706847013576,6.198478557666426,2.1242915262228053,8.322869261999788,0.7082494164906286,0.23974479397149395,0.9480053819340145
Gson,avm,18,8,8,75,75,0,18,0,1.0,0.0,9.375,0.17220245010305799,0.07984988867479223,0.18836920938815896,0.045422067671410306,0.006452262606799295,0.05204141517360517,20.399437523375354,2.7337732411249362,23.133332014874668,1.8555044202429434,0.7511814848053946,2.6067221348055263
Gson,gemini,18,18,14,46,37,1,18,1,0.7777777777777778,0.05555555555555555,2.5555555555555554,0.2830977487898395,0.07194540888339951,0.297259541691932,0.18665391050103053,0.014612296062394187,0.1960323091027141,1.9291783268884803,2.275609858277777,4.204908778166707,1.1884939475358047,1.486510760519463,2.675083387486292
Gson,gpt,18,18,12,29,28,0,18,0,0.6666666666666666,0.0,1.6111111111111112,0.34750484827443495,0.16599466422873477,0.36928406467666713,0.2750007553594669,0.12349991498980516,0.29642868423505836,11.642223973333431,1.8259501173888566,13.46827821261114,8.733187683025763,1.4144167607436324,10.14767580029863
Gson,hill_climbing,18,8,8,75,75,0,18,0,1.0,0.0,9.375,0.17220245010305799,0.07984988867479223,0.18836920938815896,0.045422067671410306,0.006452262606799295,0.05204141517360517,20.07367794899983,2.5089110660001097,22.582713124000293,1.842804332771933,0.7380999254143862,2.580944888381015
JacksonCore,avm,26,9,9,112,112,0,26,0,1.0,0.0,12.444444444444445,0.18541498050189897,0.10916395402782753,0.21562145142346165,0.014389322097931888,0.008013718649937603,0.016860434187081573,20.999400579000092,3.79492242500055,24.794492113999794,1.5869331624636371,0.31979782902362475,1.9067452493902068
JacksonCore,gemini,26,26,14,127,69,0,26,0,0.5384615384615384,0.0,4.884615384615385,0.15217996953531987,0.10187854431862838,0.17123145198245224,0.029691556869734032,0.01989717543801959,0.0335499841893918,2.7198977033075815,2.7401681361545625,5.460245401768939,0.5624270853493226,0.5707031556918083,1.1331673283685295
JacksonCore,gpt,26,26,21,104,84,1,26,1,0.8076923076923077,0.038461538461538464,4.0,0.1717191353049895,0.10910906308389935,0.18787119159088433,0.04173745042093517,0.02580566825225237,0.04595711234036498,23.13593502907686,1.9933783098077373,25.129409956115417,8.676316729252537,0.7695738600199338,9.445926205218552
JacksonCore,hill_climbing,26,9,9,112,112,0,26,0,1.0,0.0,12.444444444444445,0.18537623984445062,0.10747630578845514,0.21603087445193228,0.014386739387435335,0.007901208767312777,0.016887729055646283,24.917090959555328,3.770441125555711,28.68779219900029,1.9103510062134477,0.3217722454356979,2.2321469393808355
JacksonDatabind,avm,110,37,34,259,214,1,110,1,0.918918918918919,0.00909090909090909,7.0,0.14006842910532813,0.050310888593635604,0.1394081383936492,0.07128316495003799,0.00632826021930757,0.06013154918783611,20.069546489702418,4.241124773702649,24.31082590073001,2.0409079412618314,1.7738706173008612,3.8148375187362156
JacksonDatabind,gemini,110,110,75,324,212,2,110,2,0.6818181818181818,0.01818181818181818,2.9454545454545453,0.15701291364534353,0.05481194741961454,0.16039949062589415,0.08642876136203419,0.015998049260816927,0.08051755743822442,2.0338334396544933,3.457274603681923,5.491246502136379,1.0563781727480015,1.9700229633071367,3.0264775365276955
JacksonDatabind,gpt,110,110,85,281,222,2,110,2,0.7727272727272727,0.01818181818181818,2.5545454545454547,0.15014100740746067,0.06209458161400358,0.15879988516011312,0.09848562679824603,0.03251889934824221,0.09796356164425019,21.154543906227293,3.24720619160908,24.401856302290902,11.238601057088605,2.1250393738549365,13.363705138537602
JacksonDatabind,hill_climbing,110,37,34,259,214,1,110,1,0.918918918918919,0.00909090909090909,7.0,0.14006842910532813,0.050310888593635604,0.1394081383936492,0.07128316495003799,0.00632826021930757,0.06013154918783611,21.592976745161895,4.171643799675744,25.76481883318922,2.242990298428707,1.7552966274882056,3.9983830116695986
JacksonXml,avm,6,1,1,1,1,0,6,0,1.0,0.0,1.0,0.08253968253968254,0.0,0.08333333333333333,0.08253968253968254,0.0,0.08333333333333333,0.6139571120002074,2.6937769280011707,3.3078799020004226,0.6139571120002074,2.6937769280011707,3.3078799020004226
JacksonXml,gemini,6,6,2,19,6,0,6,0,0.3333333333333333,0.0,3.1666666666666665,0.06626984126984127,0.014705882352941176,0.06890402075226978,0.046269841269841266,0.0029411764705882353,0.04711413748378729,2.775331635999919,1.7413442974999878,4.516815169666795,1.2747594128500168,0.9116211445499175,2.186461933700078
JacksonXml,gpt,6,6,3,21,7,0,6,0,0.5,0.0,3.5,0.05430647645837519,0.00980392156862745,0.056864975583480394,0.040973143125041855,0.00196078431372549,0.0423383867378254,31.36509719316668,2.0979878598333053,33.463182825,10.73268938964167,1.0833197689499865,11.816055038424997
JacksonXml,hill_climbing,6,1,1,1,1,0,6,0,1.0,0.0,1.0,0.08253968253968254,0.0,0.08333333333333333,0.08253968253968254,0.0,0.08333333333333333,0.6160897810004826,2.830867707001744,3.4470824109994282,0.6160897810004826,2.830867707001744,3.4470824109994282
Jsoup,avm,93,39,39,301,301,1,93,1,1.0,0.010752688172043012,7.717948717948718,0.2525053627222163,0.0871038145123789,0.25996030621668215,0.07311959769621534,0.015061312279675115,0.07664909269207427,36.017737367563456,7.587138832512723,43.604986390334375,4.486362196069671,1.6366389387674034,6.1230272086619
Jsoup,gemini,93,93,40,304,161,0,93,0,0.43010752688172044,0.0,3.2688172043010755,0.3151268897551896,0.18709175555502408,0.3246049346261496,0.12521811621934223,0.06865254727173861,0.132487018604239,1.9963306672143322,3.8636515325048992,5.860078727107505,0.8706090979417221,1.4262152200219596,2.2968685181573307
Jsoup,gpt,93,93,70,238,200,3,93,3,0.7526881720430108,0.03225806451612903,2.5591397849462365,0.39769556254088706,0.14612390252228602,0.3797543745530658,0.23723541720258673,0.07466581692437341,0.2315290117767176,17.533097925634262,5.82323063023666,23.35642383138697,9.853622379598379,3.4258196181743017,13.279499513314489
Jsoup,hill_climbing,93,39,39,291,291,1,93,1,1.0,0.010752688172043012,7.461538461538462,0.23846608830286364,0.07356087166711046,0.2414299538587117,0.07260309885495153,0.014038758175725663,0.07530519279627446,38.07495179802591,7.526439539948908,45.601493044895996,4.95044981196045,1.6617745020439243,6.612246937726054
JxPath,avm,22,6,6,34,34,0,22,0,1.0,0.0,5.666666666666667,0.22782013754074745,0.03475214478503952,0.2635423649872655,0.1461621335051927,0.0052340751353909245,0.1561365603630555,61.33460184999907,13.603544533332752,74.93823340000138,8.873780145589608,4.635364061144044,13.509174512543366
JxPath,gemini,22,22,8,76,25,1,22,1,0.36363636363636365,0.045454545454545456,3.4545454545454546,0.3531129363644767,0.19189800926439718,0.3627533222520283,0.27161644423357434,0.1275353036072654,0.2715182353815334,2.8648777454562318,8.3528941499998,11.217852004544428,1.1496568730309014,4.125287119165846,5.27498071439402
JxPath,gpt,22,22,6,61,20,1,22,1,0.2727272727272727,0.045454545454545456,2.772727272727273,0.36640740515771103,0.17279736472176754,0.38590420809645143,0.23092944344231292,0.08004819474886478,0.23938423144979873,29.759835554545464,8.022579186361822,37.78249628636563,13.468194747368065,3.2506268864026775,16.718858655263567
JxPath,hill_climbing,22,6,6,32,32,0,22,0,1.0,0.0,5.333333333333333,0.22692166494416166,0.03475214478503952,0.26153433285875144,0.1466340483894378,0.005175800077115866,0.1569571781992216,61.42447448333163,13.751495349999459,75.176053600005,9.788124972220773,4.821714613332733,14.609868142500515
Lang,avm,61,43,42,520,490,1,61,1,0.9767441860465116,0.01639344262295082,11.744186046511627,0.22270517213047314,0.16981705757996704,0.24661989641055757,0.025019647054010337,0.01973040330827776,0.028266164513621458,90.42410420465045,9.314057290698212,99.7382507372098,7.791036429755683,0.9509616150671,8.74200696388086
Lang,gemini,61,61,31,307,137,0,61,0,0.5081967213114754,0.0,5.032786885245901,0.2515398316172519,0.18978089350864258,0.2715099705063264,0.11040063687925558,0.08197716229897133,0.11226892984290673,2.6699826967204467,5.804973257377077,8.47503709999895,0.6733401673297084,1.9473994370574033,2.6207627152728357
Lang,gpt,61,61,48,231,181,4,61,4,0.7868852459016393,0.06557377049180328,3.7868852459016393,0.24906442695445638,0.1942950210779488,0.2601229824399122,0.09363072974172941,0.06957967472983824,0.09277883490499687,20.204525304919816,9.096576809835884,29.301181877048382,6.139252168945238,3.760099409555437,9.8993823392216
Lang,hill_climbing,61,42,42,478,462,1,61,1,1.0,0.01639344262295082,11.0,0.21017572779098945,0.1582902854347697,0.2341662423828748,0.025756975146056772,0.020219783082069447,0.029146899126545427,96.77034463333638,9.331615347620321,106.10205184285898,9.3234094303962,1.0233295707766945,10.346748925438405
Math,avm,106,49,49,266,266,0,106,0,1.0,0.0,5.428571428571429,0.14897294051420149,0.08350250519566248,0.17358844089254327,0.02843148445651836,0.01528957123810389,0.03569700703167035,84.87688080408451,17.11523684081194,101.99221395102165,17.3528431236048,4.9203992601172715,22.27326738390911
Math,gemini,106,106,75,423,295,3,106,3,0.7075471698113207,0.02830188679245283,3.990566037735849,0.33688236542534183,0.22287825745983667,0.354526353280938,0.1366768903276678,0.08325344700825422,0.14269138281454563,2.875588371697923,14.28373846981234,17.15940793113204,0.9733619709235036,5.368961869076677,6.342353564240897
Math,gpt,106,106,80,367,278,8,106,8,0.7547169811320755,0.07547169811320754,3.4622641509433962,0.32929724221116896,0.23585790052050498,0.34757299588123197,0.152668047212697,0.09703450606740863,0.1624012753938337,25.112764105658194,18.48679132452773,43.599643425469864,10.46917896089682,8.286861585720015,18.756078945542836
Math,hill_climbing,106,49,49,215,215,0,106,0,1.0,0.0,4.387755102040816,0.1353068513097206,0.07177516353134603,0.16250571615003273,0.03087487699155932,0.015752003533894526,0.039454827366396564,85.47159758775568,17.094469326529865,102.5661513612241,21.678921848109088,5.555799994934629,27.234748194481533
Mockito,avm,38,9,9,40,40,0,38,0,1.0,0.0,4.444444444444445,0.22227630974423557,0.05952380952380952,0.26270641689846125,0.05090853592084339,0.014550264550264551,0.059596314062252714,51.474286977780544,12.369083655551853,63.84354704444801,15.62448080489422,3.2388824534923835,18.863407685503606
Mockito,gemini,38,38,30,109,76,0,38,0,0.7894736842105263,0.0,2.8684210526315788,0.3327918183810457,0.20235791985791982,0.3601920451890264,0.21913209929816613,0.1447256447256447,0.24069615351682763,2.4361441842139406,11.36891941316533,13.805144413156086,1.2524261517133006,6.652498965487196,7.904971513290748
Mockito,gpt,38,38,24,87,58,5,38,5,0.631578947368421,0.13157894736842105,2.289473684210526,0.4722594461092719,0.34196942038224926,0.4917685239799859,0.40595321529072614,0.3357690235568525,0.4165591076073076,15.452012755261661,12.603904610522717,28.0560011315714,8.565252535832892,7.8962267224989775,16.461528905204375
Mockito,hill_climbing,38,9,9,40,40,0,38,0,1.0,0.0,4.444444444444445,0.22227630974423557,0.05952380952380952,0.26270641689846125,0.05090853592084339,0.014550264550264551,0.059596314062252714,50.719175155562375,12.299352688886252,63.01861961111232,15.398230235426004,3.23414865864985,18.632402206480904
Time,avm,26,20,20,149,149,0,26,0,1.0,0.0,7.45,0.28347044162298657,0.17586831903716477,0.29766432039848845,0.03958959516369802,0.02419164802273907,0.0415211794515621,97.11046369499817,18.677026850002584,115.78758162499871,13.322792769835052,2.791739927964948,16.11454663128433
Time,gemini,26,26,20,127,99,0,26,0,0.7692307692307693,0.0,4.884615384615385,0.3227351658797718,0.19347562696658,0.3235630264349416,0.06495512645441799,0.03873822884159187,0.06515294619607923,2.427103919234539,16.531237942314384,18.958429850004343,0.5499822184535103,3.739494149094671,4.289496202051506
Time,gpt,26,24,23,98,93,2,26,2,0.9583333333333334,0.07692307692307693,4.083333333333333,0.2890123019679831,0.16457566156745812,0.29554846700224596,0.09064528306095428,0.04764244327686934,0.09476841199706794,24.752325724999537,20.059411583334924,44.81182233333433,7.346469151246857,7.155420277085917,14.501921193958454
Time,hill_climbing,26,20,20,139,139,1,26,1,1.0,0.038461538461538464,6.95,0.2809445159837096,0.17381650611578667,0.2947356473882904,0.03974529239662089,0.024078869726730963,0.041791860891206574,108.05764594499487,18.52330419998907,126.58103673500882,16.014325255107586,2.9663652211540774,18.980704598612405
