project,bug_id
Chart,1
Chart,3
Chart,4
Chart,5
Chart,6
Chart,7
Chart,8
Chart,9
Chart,10
Chart,12
Chart,13
Chart,14
Chart,15
Chart,16
Chart,17
Chart,18
Chart,19
Chart,20
Chart,21
Chart,22
Chart,23
Chart,24
Chart,25
Chart,26
Cli,3
Cli,7
Cli,8
Cli,11
Cli,14
Cli,23
Cli,24
Cli,25
Cli,26
Cli,27
Cli,31
Cli,32
Cli,33
Cli,34
Cli,35
Cli,36
Cli,39
Cli,40
Closure,18
Closure,31
Closure,47
Closure,56
Closure,57
Closure,59
Closure,64
Closure,131
Closure,140
Closure,160
Closure,165
Closure,174
Codec,1
Codec,2
Codec,3
Codec,4
Codec,5
Codec,6
Codec,7
Codec,8
Codec,9
Codec,10
Codec,11
Codec,14
Codec,15
Codec,16
Codec,17
Codec,18
Collections,1
Collections,2
Collections,4
Collections,5
Collections,6
Collections,7
Collections,8
Collections,9
Collections,10
Collections,11
Collections,12
Collections,13
Collections,14
Collections,15
Collections,16
Collections,17
Collections,18
Collections,19
Collections,20
Collections,21
Collections,22
Collections,26
Collections,27
Compress,1
Compress,2
Compress,3
Compress,4
Compress,5
Compress,6
Compress,9
Compress,12
Compress,13
Compress,15
Compress,18
Compress,19
Compress,20
Compress,21
Compress,25
Compress,28
Compress,29
Compress,32
Compress,33
Compress,34
Compress,37
Compress,38
Compress,40
Compress,41
Compress,43
Compress,46
Compress,47
Csv,4
Csv,7
Csv,8
Csv,11
Csv,12
Csv,13
Csv,14
Csv,15
Csv,16
Gson,3
Gson,4
Gson,7
Gson,8
Gson,9
Gson,12
Gson,13
Gson,15
JacksonCore,1
JacksonCore,4
JacksonCore,7
JacksonCore,8
JacksonCore,10
JacksonCore,11
JacksonCore,14
JacksonCore,23
JacksonCore,26
JacksonDatabind,2
JacksonDatabind,6
JacksonDatabind,7
JacksonDatabind,11
JacksonDatabind,16
JacksonDatabind,17
JacksonDatabind,19
JacksonDatabind,20
JacksonDatabind,21
JacksonDatabind,22
JacksonDatabind,25
JacksonDatabind,30
JacksonDatabind,31
JacksonDatabind,32
JacksonDatabind,33
JacksonDatabind,36
JacksonDatabind,41
JacksonDatabind,42
JacksonDatabind,47
JacksonDatabind,53
JacksonDatabind,56
JacksonDatabind,61
JacksonDatabind,63
JacksonDatabind,67
JacksonDatabind,70
JacksonDatabind,79
JacksonDatabind,81
JacksonDatabind,83
JacksonDatabind,87
JacksonDatabind,91
JacksonDatabind,93
JacksonDatabind,94
JacksonDatabind,95
JacksonDatabind,96
JacksonDatabind,97
JacksonDatabind,104
JacksonDatabind,109
JacksonXml,5
Jsoup,1
Jsoup,3
Jsoup,7
Jsoup,8
Jsoup,10
Jsoup,13
Jsoup,16
Jsoup,19
Jsoup,22
Jsoup,25
Jsoup,29
Jsoup,32
Jsoup,37
Jsoup,40
Jsoup,41
Jsoup,42
Jsoup,43
Jsoup,49
Jsoup,53
Jsoup,56
Jsoup,57
Jsoup,60
Jsoup,61
Jsoup,66
Jsoup,69
Jsoup,70
Jsoup,72
Jsoup,74
Jsoup,75
Jsoup,83
Jsoup,85
Jsoup,86
Jsoup,87
Jsoup,88
Jsoup,89
Jsoup,90
Jsoup,91
Jsoup,92
Jsoup,93
JxPath,2
JxPath,3
JxPath,5
JxPath,7
JxPath,13
JxPath,14
Lang,1
Lang,3
Lang,5
Lang,6
Lang,7
Lang,14
Lang,16
Lang,17
Lang,20
Lang,22
Lang,23
Lang,24
Lang,26
Lang,27
Lang,29
Lang,30
Lang,31
Lang,32
Lang,33
Lang,36
Lang,38
Lang,39
Lang,40
Lang,41
Lang,43
Lang,44
Lang,45
Lang,46
Lang,47
Lang,49
Lang,50
Lang,51
Lang,52
Lang,54
Lang,55
Lang,56
Lang,57
Lang,58
Lang,59
Lang,60
Lang,61
Lang,63
Math,1
Math,5
Math,10
Math,12
Math,13
Math,14
Math,18
Math,19
Math,20
Math,26
Math,27
Math,28
Math,29
Math,32
Math,36
Math,37
Math,39
Math,40
Math,41
Math,43
Math,46
Math,47
Math,49
Math,52
Math,53
Math,55
Math,60
Math,64
Math,65
Math,68
Math,69
Math,70
Math,71
Math,72
Math,73
Math,74
Math,75
Math,77
Math,82
Math,89
Math,90
Math,91
Math,96
Math,98
Math,100
Math,101
Math,103
Math,105
Math,106
Mockito,2
Mockito,4
Mockito,6
Mockito,13
Mockito,14
Mockito,16
Mockito,17
Mockito,30
Mockito,35
Time,1
Time,2
Time,3
Time,4
Time,5
Time,6
Time,8
Time,9
Time,10
Time,11
Time,12
Time,13
Time,17
Time,18
Time,19
Time,20
Time,22
Time,23
Time,25
Time,27
