project,bug_id,experiment_id,hill_climbing,avm,gpt,gemini,methods_detecting
Chart,22,9f661b38cc1eee98,1,1,0,0,2
Chart,24,9f661b38cc1eee98,1,1,1,0,3
Cli,1,9f661b38cc1eee98,0,0,1,0,1
Cli,3,9f661b38cc1eee98,0,0,1,0,1
Cli,5,9f661b38cc1eee98,0,0,1,0,1
Cli,34,9f661b38cc1eee98,1,1,0,0,2
Closure,51,9f661b38cc1eee98,0,0,1,0,1
Closure,131,9f661b38cc1eee98,0,0,1,0,1
Codec,11,9f661b38cc1eee98,1,1,0,0,2
Collections,2,9f661b38cc1eee98,1,1,0,1,3
Compress,2,9f661b38cc1eee98,0,0,1,0,1
Compress,4,9f661b38cc1eee98,1,1,0,0,2
Compress,9,9f661b38cc1eee98,1,1,1,0,3
Compress,26,9f661b38cc1eee98,0,0,1,0,1
Compress,39,9f661b38cc1eee98,0,0,1,0,1
Compress,40,9f661b38cc1eee98,0,0,1,0,1
Csv,2,9f661b38cc1eee98,0,0,1,0,1
Csv,4,9f661b38cc1eee98,1,1,0,0,2
Gson,4,9f661b38cc1eee98,0,0,0,1,1
JacksonCore,23,9f661b38cc1eee98,0,0,1,0,1
JacksonDatabind,2,9f661b38cc1eee98,1,1,0,0,2
JacksonDatabind,36,9f661b38cc1eee98,0,0,1,1,2
JacksonDatabind,39,9f661b38cc1eee98,0,0,1,0,1
JacksonDatabind,105,9f661b38cc1eee98,0,0,0,1,1
Jsoup,13,9f661b38cc1eee98,0,0,1,0,1
Jsoup,29,9f661b38cc1eee98,0,0,1,0,1
Jsoup,89,1b010d74235e8785,1,1,1,0,3
JxPath,13,1b010d74235e8785,0,0,1,1,2
Lang,4,1b010d74235e8785,0,0,1,0,1
Lang,5,1b010d74235e8785,0,0,1,0,1
Lang,23,1b010d74235e8785,1,1,0,0,2
Lang,28,1b010d74235e8785,0,0,1,0,1
Lang,41,1b010d74235e8785,0,0,1,0,1
Math,31,1b010d74235e8785,0,0,0,1,1
Math,46,1b010d74235e8785,0,0,1,0,1
Math,47,1b010d74235e8785,0,0,1,0,1
Math,54,1b010d74235e8785,0,0,0,1,1
Math,56,1b010d74235e8785,0,0,1,0,1
Math,67,1b010d74235e8785,0,0,1,0,1
Math,72,1b010d74235e8785,0,0,1,0,1
Math,92,1b010d74235e8785,0,0,1,0,1
Math,95,1b010d74235e8785,0,0,0,1,1
Math,102,1b010d74235e8785,0,0,1,0,1
Math,104,1b010d74235e8785,0,0,1,0,1
Mockito,12,1b010d74235e8785,0,0,1,0,1
Mockito,15,1b010d74235e8785,0,0,1,0,1
Mockito,17,1b010d74235e8785,0,0,1,0,1
Mockito,29,1b010d74235e8785,0,0,1,0,1
Mockito,31,1b010d74235e8785,0,0,1,0,1
Time,8,1b010d74235e8785,0,0,1,0,1
Time,9,1b010d74235e8785,1,0,1,0,2
